interaction_id,student1_id,student2_id,interaction_type,timestamp,duration_minutes,quality_rating,follow_up_needed,topic
INT0001,STU054,STU053,Knowledge Sharing,2025-08-05 12:18:59.381849,38,7.8,True,Feature Engineering
INT0002,STU050,STU052,Meeting,2025-08-16 19:28:59.381982,47,9.3,False,Results Interpretation
INT0003,STU059,STU060,Meeting,2025-08-21 19:46:59.382107,90,6.8,False,Project Planning
INT0004,STU059,STU057,Knowledge Sharing,2025-07-27 19:02:59.382225,45,7.6,False,Code Debugging
INT0005,STU037,STU039,Knowledge Sharing,2025-08-16 09:32:59.382339,102,8.0,True,Documentation
INT0006,STU037,STU030,Conflict Resolution,2025-08-16 13:56:59.382366,94,6.4,False,Feature Engineering
INT0007,STU007,STU006,Code Review,2025-08-05 22:22:59.382485,31,7.3,True,Results Interpretation
INT0008,STU054,STU053,Meeting,2025-07-29 16:12:59.382600,61,7.0,False,Feature Engineering
INT0009,STU063,STU064,Conflict Resolution,2025-07-30 06:39:59.382721,24,7.1,True,Hyperparameter Tuning
INT0010,STU051,STU072,Conflict Resolution,2025-08-21 22:08:59.382737,48,5.8,True,Documentation
INT0011,STU036,STU035,Conflict Resolution,2025-08-20 12:54:59.382847,75,7.0,True,Presentation Prep
INT0012,STU078,STU079,Discussion,2025-08-03 19:10:59.382962,104,7.7,False,Project Planning
INT0013,STU005,STU006,Planning Session,2025-08-21 06:53:59.383071,83,9.2,True,Project Planning
INT0014,STU072,STU071,Meeting,2025-07-26 20:27:59.383186,27,8.4,False,Project Planning
INT0015,STU036,STU005,Conflict Resolution,2025-08-17 19:40:59.383200,45,10.0,False,Model Selection
INT0016,STU048,STU070,Conflict Resolution,2025-08-22 21:51:59.383212,39,5.8,True,Documentation
INT0017,STU025,STU028,Conflict Resolution,2025-08-17 05:18:59.383328,87,8.3,True,Model Selection
INT0018,STU071,STU027,Help Request,2025-07-29 02:47:59.383343,114,7.3,True,Data Preprocessing
INT0019,STU018,STU019,Collaboration,2025-07-30 05:01:59.383457,99,10.0,True,Feature Engineering
INT0020,STU031,STU029,Meeting,2025-08-16 09:00:59.383574,109,5.8,False,Presentation Prep
INT0021,STU012,STU010,Conflict Resolution,2025-08-07 16:02:59.383683,72,5.7,True,Data Preprocessing
INT0022,STU067,STU039,Planning Session,2025-08-04 10:05:59.383697,76,6.1,False,Project Planning
INT0023,STU064,STU061,Discussion,2025-08-13 14:59:59.383810,23,3.8,True,Results Interpretation
INT0024,STU075,STU074,Collaboration,2025-08-09 17:30:59.383918,70,6.2,True,Model Selection
INT0025,STU071,STU028,Knowledge Sharing,2025-08-10 02:42:59.383932,58,5.9,False,Project Planning
INT0026,STU015,STU014,Conflict Resolution,2025-08-03 01:45:59.384043,34,7.2,False,Model Selection
INT0027,STU009,STU010,Discussion,2025-07-31 10:45:59.384157,118,7.5,True,Presentation Prep
INT0028,STU071,STU072,Discussion,2025-08-10 22:13:59.384375,100,9.8,False,Data Preprocessing
INT0029,STU077,STU040,Conflict Resolution,2025-08-20 15:36:59.384399,42,8.4,True,Documentation
INT0030,STU015,STU016,Conflict Resolution,2025-08-21 01:32:59.384545,43,6.1,False,Presentation Prep
INT0031,STU080,STU079,Code Review,2025-08-04 12:15:59.384561,103,5.7,False,Data Preprocessing
INT0032,STU039,STU038,Code Review,2025-08-19 05:32:59.384694,99,7.7,False,Model Selection
INT0033,STU001,STU003,Help Request,2025-08-11 20:39:59.384815,58,5.0,True,Code Debugging
INT0034,STU041,STU044,Meeting,2025-08-18 15:05:59.384937,101,9.7,True,Results Interpretation
INT0035,STU056,STU055,Planning Session,2025-08-11 01:55:59.385058,111,8.8,True,Code Debugging
INT0036,STU040,STU039,Collaboration,2025-08-23 02:43:59.385172,91,6.3,True,Data Preprocessing
INT0037,STU026,STU028,Collaboration,2025-08-14 07:08:59.385282,78,4.4,False,Feature Engineering
INT0038,STU070,STU071,Conflict Resolution,2025-08-21 21:13:59.385399,109,9.0,True,Project Planning
INT0039,STU011,STU012,Knowledge Sharing,2025-08-05 21:23:59.385510,96,6.8,False,Results Interpretation
INT0040,STU003,STU001,Planning Session,2025-07-28 11:10:59.385622,61,8.9,True,Project Planning
INT0041,STU032,STU056,Knowledge Sharing,2025-08-08 07:43:59.385636,54,4.6,False,Hyperparameter Tuning
INT0042,STU021,STU023,Discussion,2025-08-07 17:56:59.385753,114,6.1,False,Code Debugging
INT0043,STU019,STU031,Discussion,2025-08-20 01:56:59.385767,37,7.0,True,Model Selection
INT0044,STU064,STU063,Planning Session,2025-08-02 15:27:59.385886,96,7.1,False,Code Debugging
INT0045,STU012,STU010,Collaboration,2025-07-30 01:31:59.385998,22,6.3,False,Presentation Prep
INT0046,STU060,STU057,Code Review,2025-08-13 01:04:59.386108,97,7.9,True,Presentation Prep
INT0047,STU073,STU074,Help Request,2025-08-13 14:38:59.386218,79,5.4,True,Data Preprocessing
INT0048,STU041,STU043,Meeting,2025-08-23 02:23:59.386334,71,6.8,False,Presentation Prep
INT0049,STU023,STU022,Collaboration,2025-08-11 20:19:59.386444,58,7.2,True,Code Debugging
INT0050,STU016,STU014,Collaboration,2025-07-31 12:10:59.386552,92,7.8,True,Code Debugging
INT0051,STU019,STU018,Knowledge Sharing,2025-08-19 14:23:59.386661,25,8.1,False,Presentation Prep
INT0052,STU042,STU043,Discussion,2025-08-03 12:41:59.386775,80,5.3,False,Data Preprocessing
INT0053,STU022,STU024,Planning Session,2025-08-18 03:00:59.386884,34,4.7,True,Results Interpretation
INT0054,STU013,STU065,Code Review,2025-08-02 23:12:59.386899,113,8.9,True,Project Planning
INT0055,STU022,STU023,Planning Session,2025-08-22 20:45:59.387013,101,7.5,True,Documentation
INT0056,STU058,STU059,Help Request,2025-08-14 18:11:59.387125,39,5.9,False,Documentation
INT0057,STU040,STU039,Knowledge Sharing,2025-07-25 04:16:59.387241,40,9.3,True,Results Interpretation
INT0058,STU063,STU064,Discussion,2025-08-01 17:14:59.387353,30,7.2,False,Model Selection
INT0059,STU035,STU058,Meeting,2025-07-28 21:03:59.387367,43,8.8,False,Code Debugging
INT0060,STU054,STU007,Knowledge Sharing,2025-08-07 22:53:59.387379,64,7.1,True,Code Debugging
INT0061,STU041,STU043,Conflict Resolution,2025-07-30 06:00:59.387492,19,10.0,False,Documentation
INT0062,STU020,STU018,Code Review,2025-07-27 08:07:59.387601,47,9.6,True,Feature Engineering
INT0063,STU080,STU077,Collaboration,2025-08-17 01:01:59.387708,21,6.6,True,Project Planning
INT0064,STU080,STU077,Discussion,2025-07-28 18:30:59.387820,83,8.5,True,Presentation Prep
INT0065,STU019,STU018,Code Review,2025-08-04 22:53:59.387929,88,8.0,False,Feature Engineering
INT0066,STU011,STU009,Code Review,2025-08-11 19:06:59.388038,96,9.1,False,Code Debugging
INT0067,STU003,STU001,Conflict Resolution,2025-08-16 10:26:59.388145,95,5.6,True,Code Debugging
INT0068,STU047,STU048,Meeting,2025-07-28 12:39:59.388258,104,8.0,False,Feature Engineering
INT0069,STU009,STU059,Code Review,2025-08-15 04:06:59.388273,116,8.6,True,Data Preprocessing
INT0070,STU040,STU039,Planning Session,2025-08-16 08:20:59.388384,97,4.4,True,Results Interpretation
INT0071,STU007,STU006,Discussion,2025-07-29 22:41:59.388494,66,5.2,False,Project Planning
INT0072,STU024,STU023,Planning Session,2025-08-12 17:51:59.388601,117,3.9,True,Project Planning
INT0073,STU078,STU079,Collaboration,2025-08-14 07:03:59.388714,56,6.6,False,Results Interpretation
INT0074,STU054,STU055,Planning Session,2025-08-12 20:06:59.388822,108,8.1,False,Project Planning
INT0075,STU005,STU007,Knowledge Sharing,2025-08-12 17:17:59.388928,110,9.3,True,Data Preprocessing
INT0076,STU080,STU077,Meeting,2025-08-22 02:19:59.389041,97,7.1,False,Code Debugging
INT0077,STU073,STU075,Meeting,2025-08-02 19:45:59.389148,62,9.4,False,Model Selection
INT0078,STU067,STU066,Conflict Resolution,2025-08-04 01:53:59.389254,29,4.9,True,Feature Engineering
INT0079,STU049,STU050,Collaboration,2025-08-01 19:55:59.389361,93,4.4,False,Documentation
INT0080,STU017,STU018,Meeting,2025-07-26 11:40:59.389472,26,6.9,False,Code Debugging
INT0081,STU071,STU070,Collaboration,2025-07-27 00:14:59.389486,35,7.6,True,Code Debugging
INT0082,STU014,STU013,Help Request,2025-07-29 19:07:59.389594,61,7.0,False,Documentation
INT0083,STU071,STU017,Discussion,2025-08-22 00:43:59.389608,106,3.9,False,Presentation Prep
INT0084,STU053,STU056,Conflict Resolution,2025-08-04 07:40:59.389717,74,6.9,False,Feature Engineering
INT0085,STU071,STU076,Meeting,2025-07-31 05:41:59.389730,79,5.0,True,Model Selection
INT0086,STU038,STU037,Conflict Resolution,2025-07-25 11:54:59.389842,59,8.0,False,Model Selection
INT0087,STU071,STU069,Collaboration,2025-08-04 17:03:59.389950,79,7.5,True,Feature Engineering
INT0088,STU079,STU080,Code Review,2025-07-29 10:03:59.390059,20,5.6,False,Hyperparameter Tuning
INT0089,STU054,STU080,Code Review,2025-08-08 13:34:59.390072,52,6.2,False,Documentation
INT0090,STU051,STU050,Discussion,2025-08-02 08:58:59.390182,71,5.4,False,Documentation
INT0091,STU042,STU044,Conflict Resolution,2025-07-31 22:43:59.390294,31,6.9,False,Presentation Prep
INT0092,STU042,STU044,Discussion,2025-08-15 19:53:59.390402,33,8.4,True,Data Preprocessing
INT0093,STU052,STU049,Meeting,2025-07-28 23:09:59.390508,88,5.5,False,Hyperparameter Tuning
INT0094,STU064,STU066,Planning Session,2025-08-09 00:37:59.390522,17,7.8,True,Project Planning
INT0095,STU030,STU031,Conflict Resolution,2025-08-23 08:50:59.390636,78,6.2,False,Results Interpretation
INT0096,STU016,STU013,Collaboration,2025-07-31 22:20:59.390746,66,5.8,False,Data Preprocessing
INT0097,STU074,STU076,Collaboration,2025-08-21 21:36:59.390857,72,6.8,False,Model Selection
INT0098,STU016,STU014,Conflict Resolution,2025-08-06 22:20:59.390967,33,5.4,True,Presentation Prep
INT0099,STU005,STU008,Meeting,2025-08-01 23:17:59.391077,75,6.2,False,Feature Engineering
INT0100,STU066,STU068,Conflict Resolution,2025-08-18 21:29:59.391190,109,5.2,False,Code Debugging
INT0101,STU068,STU067,Collaboration,2025-08-09 09:45:59.391302,57,9.9,True,Project Planning
INT0102,STU004,STU002,Help Request,2025-08-01 08:31:59.391410,76,7.1,True,Presentation Prep
INT0103,STU080,STU077,Help Request,2025-08-22 15:24:59.391526,29,6.0,True,Data Preprocessing
INT0104,STU054,STU056,Help Request,2025-08-10 17:19:59.391635,93,7.3,False,Data Preprocessing
INT0105,STU067,STU027,Conflict Resolution,2025-08-02 18:35:59.391650,63,6.8,False,Feature Engineering
INT0106,STU071,STU072,Conflict Resolution,2025-08-02 10:25:59.391762,97,6.7,False,Documentation
INT0107,STU031,STU032,Collaboration,2025-08-17 00:19:59.391871,51,7.9,True,Documentation
INT0108,STU047,STU046,Discussion,2025-08-05 12:34:59.391997,63,8.1,False,Code Debugging
INT0109,STU019,STU038,Code Review,2025-08-14 12:03:59.392010,59,6.2,False,Results Interpretation
INT0110,STU028,STU026,Collaboration,2025-07-25 16:24:59.392022,49,6.1,True,Model Selection
INT0111,STU074,STU073,Code Review,2025-08-02 17:54:59.392134,96,6.6,True,Data Preprocessing
INT0112,STU044,STU041,Meeting,2025-08-23 16:09:59.392244,35,3.5,False,Documentation
INT0113,STU027,STU026,Collaboration,2025-08-04 08:10:59.392353,113,4.7,True,Hyperparameter Tuning
INT0114,STU006,STU008,Meeting,2025-07-26 08:15:59.392466,65,9.1,False,Feature Engineering
INT0115,STU038,STU005,Code Review,2025-08-14 15:30:59.392481,28,9.5,False,Results Interpretation
INT0116,STU072,STU069,Planning Session,2025-08-16 03:17:59.392590,29,6.6,False,Feature Engineering
INT0117,STU033,STU024,Code Review,2025-07-31 23:18:59.392605,52,7.9,True,Feature Engineering
INT0118,STU052,STU051,Conflict Resolution,2025-08-21 21:26:59.392718,27,7.5,True,Feature Engineering
INT0119,STU029,STU030,Knowledge Sharing,2025-08-16 19:20:59.392835,49,10.0,False,Results Interpretation
INT0120,STU073,STU074,Conflict Resolution,2025-08-02 03:05:59.392946,100,8.7,True,Documentation
INT0121,STU051,STU052,Discussion,2025-08-04 00:45:59.393055,93,6.8,True,Hyperparameter Tuning
INT0122,STU062,STU020,Planning Session,2025-07-31 14:45:59.393072,68,5.6,False,Presentation Prep
INT0123,STU028,STU032,Discussion,2025-08-07 19:35:59.393085,105,4.6,False,Model Selection
INT0124,STU015,STU008,Help Request,2025-08-05 16:59:59.393097,36,7.3,False,Presentation Prep
INT0125,STU028,STU025,Planning Session,2025-07-30 08:39:59.393211,31,5.9,False,Documentation
INT0126,STU072,STU071,Collaboration,2025-08-01 09:43:59.393336,47,4.9,True,Hyperparameter Tuning
INT0127,STU008,STU006,Discussion,2025-08-07 08:09:59.393450,23,6.0,False,Data Preprocessing
INT0128,STU022,STU023,Knowledge Sharing,2025-08-12 21:40:59.393560,63,5.4,False,Model Selection
INT0129,STU070,STU071,Conflict Resolution,2025-08-21 04:34:59.393677,65,9.5,True,Hyperparameter Tuning
INT0130,STU003,STU039,Planning Session,2025-08-02 10:34:59.393692,69,8.3,False,Hyperparameter Tuning
INT0131,STU046,STU048,Help Request,2025-07-25 10:20:59.393802,29,7.0,True,Project Planning
INT0132,STU002,STU001,Discussion,2025-08-20 15:06:59.393914,72,9.2,True,Hyperparameter Tuning
INT0133,STU052,STU057,Help Request,2025-08-07 03:20:59.393928,114,7.1,True,Feature Engineering
INT0134,STU038,STU039,Conflict Resolution,2025-08-05 14:19:59.394037,101,5.7,False,Hyperparameter Tuning
INT0135,STU018,STU020,Collaboration,2025-08-16 08:33:59.394148,90,9.3,True,Project Planning
INT0136,STU007,STU008,Knowledge Sharing,2025-07-29 17:48:59.394340,104,7.8,False,Project Planning
INT0137,STU050,STU051,Planning Session,2025-08-17 02:49:59.394464,105,5.4,True,Documentation
INT0138,STU072,STU053,Knowledge Sharing,2025-08-06 18:00:59.394479,64,6.7,True,Results Interpretation
INT0139,STU012,STU010,Discussion,2025-08-06 10:15:59.394605,39,5.7,True,Results Interpretation
INT0140,STU077,STU080,Help Request,2025-07-29 15:22:59.394719,100,4.9,True,Documentation
INT0141,STU043,STU041,Help Request,2025-07-26 03:21:59.394828,30,8.4,False,Hyperparameter Tuning
INT0142,STU028,STU025,Conflict Resolution,2025-07-31 00:44:59.394937,74,9.9,False,Results Interpretation
INT0143,STU068,STU066,Discussion,2025-07-29 10:38:59.395050,112,4.9,False,Hyperparameter Tuning
INT0144,STU053,STU055,Help Request,2025-08-01 06:07:59.395161,48,7.8,False,Results Interpretation
INT0145,STU042,STU044,Help Request,2025-08-08 16:27:59.395271,102,6.0,False,Results Interpretation
INT0146,STU063,STU059,Meeting,2025-07-31 22:58:59.395286,32,6.3,False,Feature Engineering
INT0147,STU070,STU008,Code Review,2025-07-29 07:16:59.395298,100,6.1,True,Data Preprocessing
INT0148,STU029,STU031,Meeting,2025-08-24 03:36:59.395461,73,5.7,False,Data Preprocessing
INT0149,STU080,STU079,Planning Session,2025-08-24 09:34:59.395700,85,7.1,False,Data Preprocessing
INT0150,STU035,STU033,Knowledge Sharing,2025-07-30 05:02:59.395821,27,5.8,True,Hyperparameter Tuning
INT0151,STU067,STU066,Collaboration,2025-07-29 22:03:59.395945,62,7.4,False,Documentation
INT0152,STU031,STU032,Discussion,2025-08-03 13:20:59.396058,19,6.9,True,Project Planning
INT0153,STU072,STU069,Code Review,2025-08-02 05:03:59.396176,78,6.6,False,Code Debugging
INT0154,STU013,STU016,Help Request,2025-07-26 11:12:59.396287,87,5.6,False,Results Interpretation
INT0155,STU011,STU012,Code Review,2025-08-19 00:07:59.396395,41,6.1,True,Project Planning
INT0156,STU039,STU021,Help Request,2025-08-05 21:25:59.396411,84,8.1,False,Project Planning
INT0157,STU018,STU011,Conflict Resolution,2025-08-23 06:41:59.396423,44,7.8,True,Code Debugging
INT0158,STU080,STU078,Code Review,2025-08-04 01:18:59.396537,72,5.5,False,Hyperparameter Tuning
INT0159,STU052,STU049,Knowledge Sharing,2025-08-21 14:50:59.396651,117,7.1,True,Model Selection
INT0160,STU020,STU019,Meeting,2025-07-31 21:48:59.396759,61,8.1,True,Model Selection
INT0161,STU040,STU038,Collaboration,2025-08-21 06:03:59.396865,38,4.5,False,Documentation
INT0162,STU068,STU065,Code Review,2025-08-21 22:33:59.396977,26,7.8,False,Project Planning
INT0163,STU056,STU053,Help Request,2025-08-05 17:58:59.397084,102,6.0,False,Feature Engineering
INT0164,STU039,STU038,Meeting,2025-08-22 04:41:59.397192,50,7.9,False,Results Interpretation
INT0165,STU011,STU010,Help Request,2025-07-31 13:37:59.397361,91,5.9,True,Documentation
INT0166,STU037,STU038,Conflict Resolution,2025-07-28 14:44:59.397479,117,4.3,False,Documentation
INT0167,STU078,STU080,Conflict Resolution,2025-08-04 11:56:59.397589,76,4.6,False,Feature Engineering
INT0168,STU041,STU038,Planning Session,2025-07-24 15:18:59.397603,46,7.1,False,Project Planning
INT0169,STU051,STU049,Help Request,2025-08-05 16:57:59.397718,102,7.4,True,Documentation
INT0170,STU027,STU057,Collaboration,2025-07-28 12:04:59.397731,119,5.6,False,Documentation
INT0171,STU038,STU040,Meeting,2025-08-01 20:18:59.397838,63,8.0,True,Documentation
INT0172,STU062,STU075,Knowledge Sharing,2025-08-06 17:09:59.397851,103,4.5,False,Presentation Prep
INT0173,STU045,STU048,Help Request,2025-08-02 12:46:59.397962,36,6.9,True,Project Planning
INT0174,STU043,STU056,Discussion,2025-08-24 06:52:59.397977,43,5.2,True,Documentation
INT0175,STU058,STU060,Code Review,2025-08-09 06:50:59.398095,68,6.0,True,Model Selection
INT0176,STU019,STU045,Collaboration,2025-08-13 19:18:59.398109,41,7.1,False,Code Debugging
INT0177,STU060,STU058,Discussion,2025-08-15 08:17:59.398238,105,5.7,True,Data Preprocessing
INT0178,STU014,STU022,Help Request,2025-08-08 04:33:59.398251,35,6.4,False,Presentation Prep
INT0179,STU058,STU060,Meeting,2025-08-18 13:26:59.398363,70,8.5,False,Data Preprocessing
INT0180,STU026,STU058,Knowledge Sharing,2025-08-12 09:23:59.398378,42,6.1,True,Results Interpretation
INT0181,STU009,STU074,Discussion,2025-07-29 16:57:59.398389,61,8.3,False,Hyperparameter Tuning
INT0182,STU036,STU035,Conflict Resolution,2025-08-04 21:29:59.398497,65,5.3,True,Code Debugging
INT0183,STU058,STU059,Collaboration,2025-07-25 14:31:59.398609,25,7.8,True,Code Debugging
INT0184,STU037,STU040,Conflict Resolution,2025-08-02 05:36:59.398717,64,9.2,False,Feature Engineering
INT0185,STU054,STU056,Meeting,2025-08-07 04:37:59.398825,51,3.3,True,Feature Engineering
INT0186,STU057,STU058,Code Review,2025-08-09 05:56:59.398934,119,5.8,False,Presentation Prep
INT0187,STU064,STU063,Planning Session,2025-08-10 11:15:59.399039,71,7.9,False,Feature Engineering
INT0188,STU002,STU004,Code Review,2025-08-16 02:34:59.399146,51,6.7,True,Documentation
INT0189,STU061,STU063,Discussion,2025-08-15 16:16:59.399253,61,7.6,True,Documentation
INT0190,STU053,STU055,Help Request,2025-08-15 08:40:59.399358,48,6.1,False,Model Selection
INT0191,STU014,STU013,Conflict Resolution,2025-07-27 11:29:59.399465,95,7.1,False,Feature Engineering
INT0192,STU026,STU025,Conflict Resolution,2025-08-07 01:30:59.399572,83,6.8,True,Code Debugging
INT0193,STU038,STU074,Collaboration,2025-07-24 17:11:59.399586,101,8.8,True,Feature Engineering
INT0194,STU053,STU008,Collaboration,2025-07-27 14:00:59.399597,104,7.4,True,Hyperparameter Tuning
INT0195,STU042,STU043,Knowledge Sharing,2025-08-09 05:32:59.399710,95,7.5,False,Project Planning
INT0196,STU009,STU010,Collaboration,2025-08-01 22:39:59.399817,77,6.4,False,Data Preprocessing
INT0197,STU012,STU059,Conflict Resolution,2025-07-28 07:18:59.399830,83,6.3,False,Hyperparameter Tuning
INT0198,STU028,STU064,Collaboration,2025-08-14 00:47:59.399841,85,6.4,True,Documentation
INT0199,STU007,STU006,Discussion,2025-08-03 20:07:59.399852,30,7.6,True,Documentation
INT0200,STU054,STU055,Meeting,2025-07-26 13:49:59.399980,35,6.4,False,Model Selection
INT0201,STU033,STU034,Meeting,2025-08-22 21:28:59.400089,54,7.4,True,Project Planning
INT0202,STU013,STU016,Planning Session,2025-08-22 05:31:59.400200,43,10.0,False,Data Preprocessing
INT0203,STU041,STU042,Meeting,2025-08-09 07:54:59.400306,64,8.3,True,Model Selection
INT0204,STU047,STU045,Knowledge Sharing,2025-07-31 05:27:59.400414,101,6.5,True,Model Selection
INT0205,STU002,STU004,Conflict Resolution,2025-08-01 03:28:59.400525,110,8.8,True,Project Planning
INT0206,STU058,STU057,Discussion,2025-08-20 06:31:59.400632,108,6.4,False,Code Debugging
INT0207,STU041,STU018,Help Request,2025-08-15 14:03:59.400646,46,3.9,False,Data Preprocessing
INT0208,STU039,STU027,Help Request,2025-07-31 21:50:59.400657,97,5.5,True,Hyperparameter Tuning
INT0209,STU014,STU016,Discussion,2025-08-08 09:45:59.400768,55,4.2,True,Project Planning
INT0210,STU073,STU054,Conflict Resolution,2025-08-06 12:57:59.400781,112,6.5,False,Model Selection
INT0211,STU009,STU010,Help Request,2025-08-23 08:18:59.400888,65,7.0,False,Presentation Prep
INT0212,STU055,STU052,Discussion,2025-08-03 16:34:59.400903,93,9.5,True,Results Interpretation
INT0213,STU010,STU009,Conflict Resolution,2025-08-11 15:28:59.401011,112,7.5,True,Results Interpretation
INT0214,STU029,STU032,Discussion,2025-07-25 21:01:59.401122,73,6.7,True,Results Interpretation
INT0215,STU021,STU024,Meeting,2025-08-02 09:58:59.401231,78,8.2,False,Presentation Prep
INT0216,STU034,STU036,Meeting,2025-08-01 01:22:59.401337,30,3.7,True,Code Debugging
INT0217,STU035,STU068,Discussion,2025-08-15 11:32:59.401350,95,7.4,True,Documentation
INT0218,STU045,STU046,Meeting,2025-08-13 04:52:59.401461,113,8.2,True,Model Selection
INT0219,STU065,STU068,Code Review,2025-08-17 08:38:59.401568,61,4.8,False,Feature Engineering
INT0220,STU008,STU005,Conflict Resolution,2025-08-16 20:10:59.401676,107,8.7,False,Results Interpretation
INT0221,STU074,STU048,Discussion,2025-08-07 12:11:59.401689,21,7.5,True,Hyperparameter Tuning
INT0222,STU006,STU052,Discussion,2025-07-26 19:13:59.401700,51,6.4,False,Code Debugging
INT0223,STU057,STU058,Help Request,2025-08-14 15:18:59.401809,53,7.9,True,Documentation
INT0224,STU062,STU063,Help Request,2025-08-20 09:09:59.401921,67,10.0,True,Hyperparameter Tuning
INT0225,STU003,STU001,Knowledge Sharing,2025-07-27 10:22:59.402027,54,7.3,True,Hyperparameter Tuning
INT0226,STU032,STU030,Code Review,2025-08-19 11:51:59.402239,26,7.4,True,Hyperparameter Tuning
INT0227,STU067,STU053,Conflict Resolution,2025-08-09 11:03:59.402329,89,6.3,True,Presentation Prep
INT0228,STU049,STU051,Code Review,2025-08-10 13:00:59.402688,45,5.7,False,Results Interpretation
INT0229,STU051,STU042,Conflict Resolution,2025-08-10 01:54:59.402716,24,8.2,True,Feature Engineering
INT0230,STU075,STU014,Meeting,2025-08-21 04:40:59.402731,74,5.7,False,Project Planning
INT0231,STU046,STU048,Collaboration,2025-08-10 01:14:59.403116,30,7.1,True,Feature Engineering
INT0232,STU039,STU078,Code Review,2025-08-17 23:59:59.403141,26,6.3,True,Code Debugging
INT0233,STU007,STU006,Meeting,2025-08-23 21:14:59.403307,72,7.7,True,Model Selection
INT0234,STU017,STU020,Code Review,2025-07-29 03:00:59.403445,40,7.5,False,Code Debugging
INT0235,STU011,STU009,Code Review,2025-08-22 03:11:59.403570,97,8.6,False,Feature Engineering
INT0236,STU041,STU044,Planning Session,2025-08-23 04:09:59.403689,88,6.2,False,Project Planning
INT0237,STU052,STU049,Conflict Resolution,2025-08-18 04:51:59.403809,50,6.6,False,Feature Engineering
INT0238,STU078,STU079,Collaboration,2025-08-08 20:12:59.403925,85,5.5,False,Data Preprocessing
INT0239,STU050,STU052,Help Request,2025-08-03 17:53:59.404036,95,6.3,True,Project Planning
INT0240,STU046,STU062,Planning Session,2025-08-12 15:36:59.404051,56,7.6,False,Results Interpretation
INT0241,STU042,STU041,Collaboration,2025-08-22 18:35:59.404168,60,8.1,True,Feature Engineering
INT0242,STU031,STU032,Code Review,2025-07-31 02:32:59.404280,117,5.6,False,Code Debugging
INT0243,STU023,STU031,Conflict Resolution,2025-07-29 10:24:59.404294,60,8.3,True,Code Debugging
INT0244,STU073,STU019,Help Request,2025-07-28 18:34:59.404306,54,9.0,True,Documentation
INT0245,STU006,STU007,Help Request,2025-08-23 17:38:59.404421,15,7.6,False,Hyperparameter Tuning
INT0246,STU044,STU023,Conflict Resolution,2025-08-23 09:59:59.404433,90,9.8,True,Model Selection
INT0247,STU047,STU010,Conflict Resolution,2025-08-01 12:43:59.404444,90,5.8,True,Code Debugging
INT0248,STU018,STU019,Knowledge Sharing,2025-07-29 13:37:59.404564,98,5.1,False,Feature Engineering
INT0249,STU072,STU079,Conflict Resolution,2025-08-16 12:31:59.404578,119,4.3,True,Project Planning
INT0250,STU038,STU037,Code Review,2025-07-24 11:32:59.404689,65,9.2,True,Feature Engineering
INT0251,STU078,STU079,Discussion,2025-07-25 18:59:59.404803,57,8.0,True,Hyperparameter Tuning
INT0252,STU042,STU043,Discussion,2025-07-28 11:26:59.404911,96,6.9,False,Documentation
INT0253,STU026,STU027,Discussion,2025-08-13 01:18:59.405340,28,7.4,True,Data Preprocessing
INT0254,STU054,STU056,Planning Session,2025-07-26 21:46:59.405581,84,5.3,False,Model Selection
INT0255,STU074,STU029,Meeting,2025-08-10 07:17:59.405601,19,10.0,False,Data Preprocessing
INT0256,STU013,STU014,Meeting,2025-07-26 21:58:59.405745,108,7.2,True,Presentation Prep
INT0257,STU012,STU044,Planning Session,2025-08-02 09:41:59.405760,98,7.2,True,Project Planning
INT0258,STU015,STU013,Help Request,2025-08-10 11:33:59.405886,107,8.1,False,Results Interpretation
INT0259,STU013,STU014,Planning Session,2025-08-20 08:45:59.406003,15,7.7,False,Model Selection
INT0260,STU080,STU077,Discussion,2025-08-24 03:58:59.406115,96,7.3,False,Model Selection
INT0261,STU015,STU014,Planning Session,2025-08-08 12:52:59.406235,26,5.8,False,Feature Engineering
INT0262,STU051,STU049,Planning Session,2025-08-23 01:40:59.406349,74,7.7,False,Hyperparameter Tuning
INT0263,STU073,STU008,Meeting,2025-07-30 11:26:59.406362,27,9.8,True,Code Debugging
INT0264,STU053,STU076,Help Request,2025-08-07 08:15:59.406374,64,9.0,False,Presentation Prep
INT0265,STU062,STU064,Collaboration,2025-08-21 21:11:59.406489,106,9.4,True,Presentation Prep
INT0266,STU066,STU065,Planning Session,2025-08-19 04:55:59.406601,118,6.2,True,Feature Engineering
INT0267,STU012,STU009,Meeting,2025-07-28 14:52:59.406715,55,5.5,True,Model Selection
INT0268,STU051,STU050,Planning Session,2025-07-26 09:18:59.406824,104,6.8,False,Model Selection
INT0269,STU017,STU020,Discussion,2025-07-30 00:13:59.406940,83,7.1,False,Project Planning
INT0270,STU064,STU061,Meeting,2025-08-15 21:59:59.407054,94,8.6,False,Data Preprocessing
INT0271,STU042,STU041,Planning Session,2025-07-26 01:11:59.407167,62,4.5,True,Code Debugging
INT0272,STU039,STU040,Collaboration,2025-07-28 18:14:59.407181,104,9.3,True,Hyperparameter Tuning
INT0273,STU059,STU058,Knowledge Sharing,2025-08-04 14:03:59.407446,39,6.8,False,Hyperparameter Tuning
INT0274,STU053,STU063,Conflict Resolution,2025-07-29 08:36:59.407471,116,6.4,True,Model Selection
INT0275,STU068,STU065,Code Review,2025-08-19 03:12:59.407601,40,5.5,True,Hyperparameter Tuning
INT0276,STU007,STU008,Help Request,2025-08-15 22:16:59.407726,74,4.5,False,Model Selection
INT0277,STU031,STU030,Planning Session,2025-08-18 18:31:59.407842,85,8.2,False,Code Debugging
INT0278,STU033,STU034,Code Review,2025-08-12 08:58:59.407957,88,7.1,True,Hyperparameter Tuning
INT0279,STU027,STU028,Knowledge Sharing,2025-08-08 09:13:59.408067,114,5.1,True,Documentation
INT0280,STU023,STU077,Code Review,2025-08-17 01:30:59.408081,118,5.1,False,Results Interpretation
INT0281,STU051,STU050,Collaboration,2025-08-17 19:49:59.408238,101,6.5,False,Model Selection
INT0282,STU047,STU046,Discussion,2025-08-09 07:47:59.408355,50,9.5,False,Results Interpretation
INT0283,STU038,STU037,Help Request,2025-07-27 08:17:59.408472,117,6.6,False,Code Debugging
INT0284,STU004,STU002,Collaboration,2025-07-25 20:43:59.408591,64,4.7,True,Hyperparameter Tuning
INT0285,STU032,STU031,Conflict Resolution,2025-08-08 00:14:59.408720,36,6.6,True,Results Interpretation
INT0286,STU019,STU020,Meeting,2025-07-24 12:11:59.408830,57,6.6,True,Hyperparameter Tuning
INT0287,STU040,STU038,Conflict Resolution,2025-08-15 15:50:59.408943,74,3.0,True,Documentation
INT0288,STU073,STU074,Help Request,2025-08-08 06:13:59.409058,102,6.9,False,Presentation Prep
INT0289,STU006,STU005,Help Request,2025-08-13 20:32:59.409169,73,6.7,True,Code Debugging
INT0290,STU024,STU011,Planning Session,2025-08-13 13:57:59.409183,55,8.0,True,Data Preprocessing
INT0291,STU026,STU027,Meeting,2025-08-09 08:00:59.409295,93,9.8,False,Project Planning
INT0292,STU064,STU061,Code Review,2025-08-07 03:22:59.409412,62,8.7,True,Code Debugging
INT0293,STU068,STU025,Code Review,2025-08-03 09:28:59.409426,108,6.6,True,Hyperparameter Tuning
INT0294,STU047,STU045,Discussion,2025-08-11 17:31:59.409533,54,5.3,True,Model Selection
INT0295,STU039,STU038,Planning Session,2025-07-31 17:30:59.409546,82,10.0,False,Project Planning
INT0296,STU018,STU044,Planning Session,2025-08-13 03:58:59.409557,118,7.1,False,Data Preprocessing
INT0297,STU018,STU019,Code Review,2025-08-05 17:58:59.409670,30,7.0,False,Data Preprocessing
INT0298,STU033,STU035,Code Review,2025-08-03 06:27:59.409778,17,7.0,True,Model Selection
INT0299,STU049,STU051,Collaboration,2025-08-08 11:59:59.409887,41,7.3,True,Results Interpretation
INT0300,STU015,STU016,Meeting,2025-08-11 06:36:59.410000,107,6.8,True,Results Interpretation
INT0301,STU016,STU013,Help Request,2025-07-31 01:15:59.410112,81,6.1,True,Code Debugging
INT0302,STU038,STU021,Code Review,2025-08-06 18:10:59.410125,41,6.2,False,Code Debugging
INT0303,STU001,STU004,Planning Session,2025-08-20 07:19:59.410237,80,7.0,True,Model Selection
INT0304,STU030,STU059,Collaboration,2025-08-15 20:05:59.410254,27,6.2,True,Data Preprocessing
INT0305,STU047,STU041,Knowledge Sharing,2025-08-01 07:02:59.410265,112,5.9,True,Data Preprocessing
INT0306,STU022,STU043,Conflict Resolution,2025-07-26 19:29:59.410281,49,7.2,True,Code Debugging
INT0307,STU024,STU015,Knowledge Sharing,2025-08-11 19:51:59.410291,64,6.6,False,Project Planning
INT0308,STU021,STU024,Code Review,2025-07-25 05:02:59.410405,68,9.3,False,Documentation
INT0309,STU051,STU052,Code Review,2025-07-27 12:12:59.410513,108,3.0,True,Documentation
INT0310,STU015,STU053,Planning Session,2025-08-23 07:52:59.410528,98,8.6,False,Data Preprocessing
INT0311,STU068,STU074,Help Request,2025-07-24 12:13:59.410539,58,8.9,True,Project Planning
INT0312,STU032,STU030,Knowledge Sharing,2025-08-19 16:11:59.410651,93,3.9,True,Data Preprocessing
INT0313,STU024,STU022,Meeting,2025-08-21 18:48:59.410759,45,6.5,False,Results Interpretation
INT0314,STU032,STU030,Help Request,2025-08-21 19:40:59.410871,117,6.4,False,Model Selection
INT0315,STU058,STU041,Discussion,2025-08-08 10:27:59.410884,17,4.9,True,Project Planning
INT0316,STU069,STU072,Collaboration,2025-07-26 17:33:59.410994,41,5.8,False,Code Debugging
INT0317,STU006,STU008,Conflict Resolution,2025-08-06 14:30:59.411108,75,5.3,False,Documentation
INT0318,STU029,STU030,Conflict Resolution,2025-07-28 13:17:59.411256,52,9.6,False,Model Selection
INT0319,STU024,STU021,Knowledge Sharing,2025-08-21 01:29:59.411377,40,8.4,True,Model Selection
INT0320,STU051,STU028,Planning Session,2025-07-29 03:23:59.411391,58,8.9,True,Project Planning
INT0321,STU073,STU074,Planning Session,2025-08-02 15:36:59.411502,32,8.1,False,Data Preprocessing
INT0322,STU008,STU007,Planning Session,2025-07-25 17:19:59.411613,37,5.3,True,Feature Engineering
INT0323,STU079,STU080,Knowledge Sharing,2025-08-10 14:10:59.411720,103,6.2,True,Results Interpretation
INT0324,STU043,STU042,Meeting,2025-08-19 20:30:59.411834,104,7.7,False,Presentation Prep
INT0325,STU071,STU028,Help Request,2025-08-17 14:23:59.411848,52,5.2,False,Feature Engineering
INT0326,STU023,STU065,Conflict Resolution,2025-08-02 06:20:59.411860,60,8.1,False,Project Planning
INT0327,STU071,STU070,Code Review,2025-08-08 07:07:59.411968,63,6.6,True,Data Preprocessing
INT0328,STU027,STU025,Collaboration,2025-08-03 01:59:59.412081,22,6.4,False,Hyperparameter Tuning
INT0329,STU005,STU046,Planning Session,2025-08-20 14:13:59.412094,101,8.1,True,Presentation Prep
INT0330,STU067,STU068,Code Review,2025-07-25 21:44:59.412199,68,7.7,False,Presentation Prep
INT0331,STU034,STU035,Planning Session,2025-07-29 02:10:59.412312,96,6.5,False,Presentation Prep
INT0332,STU026,STU025,Collaboration,2025-08-10 04:25:59.412325,24,8.7,True,Feature Engineering
INT0333,STU016,STU049,Code Review,2025-08-11 01:33:59.412336,48,5.4,True,Feature Engineering
INT0334,STU033,STU034,Planning Session,2025-08-02 06:06:59.412447,34,7.9,False,Data Preprocessing
INT0335,STU079,STU039,Planning Session,2025-07-29 15:33:59.412461,60,7.9,True,Code Debugging
INT0336,STU021,STU023,Meeting,2025-08-10 16:34:59.412568,66,6.5,True,Code Debugging
INT0337,STU027,STU026,Conflict Resolution,2025-08-15 03:20:59.412676,94,7.5,False,Presentation Prep
INT0338,STU002,STU015,Conflict Resolution,2025-08-10 02:11:59.412690,97,5.1,True,Data Preprocessing
INT0339,STU044,STU041,Knowledge Sharing,2025-08-15 16:22:59.412796,51,8.4,True,Presentation Prep
INT0340,STU048,STU066,Planning Session,2025-08-09 08:50:59.412809,98,6.7,True,Code Debugging
INT0341,STU014,STU015,Code Review,2025-08-04 07:55:59.412924,100,6.2,True,Project Planning
INT0342,STU027,STU069,Knowledge Sharing,2025-08-04 07:21:59.412939,102,8.6,True,Data Preprocessing
INT0343,STU041,STU044,Discussion,2025-08-23 04:18:59.413044,47,5.9,True,Hyperparameter Tuning
INT0344,STU053,STU050,Planning Session,2025-08-03 21:41:59.413057,55,4.9,True,Project Planning
INT0345,STU069,STU071,Discussion,2025-07-30 10:31:59.413167,20,4.7,True,Code Debugging
INT0346,STU014,STU038,Collaboration,2025-08-05 07:50:59.413180,112,7.9,False,Project Planning
INT0347,STU004,STU001,Help Request,2025-08-19 10:43:59.413286,116,5.1,False,Feature Engineering
INT0348,STU045,STU047,Meeting,2025-08-21 09:08:59.413398,88,9.6,False,Presentation Prep
INT0349,STU011,STU009,Conflict Resolution,2025-08-17 20:11:59.413504,97,3.9,True,Feature Engineering
INT0350,STU079,STU077,Discussion,2025-08-18 12:17:59.413611,87,9.5,True,Presentation Prep
INT0351,STU069,STU070,Discussion,2025-08-16 06:56:59.413723,107,7.3,False,Code Debugging
INT0352,STU029,STU030,Discussion,2025-07-27 03:48:59.413830,77,6.9,False,Code Debugging
INT0353,STU038,STU039,Conflict Resolution,2025-07-29 23:41:59.413935,36,6.2,True,Code Debugging
INT0354,STU032,STU030,Conflict Resolution,2025-08-19 12:22:59.414047,57,7.6,False,Documentation
INT0355,STU040,STU039,Discussion,2025-08-18 13:30:59.414153,25,6.9,False,Feature Engineering
INT0356,STU026,STU034,Discussion,2025-08-01 07:11:59.414169,17,8.7,True,Project Planning
INT0357,STU028,STU005,Collaboration,2025-08-06 16:38:59.414181,98,7.2,True,Code Debugging
INT0358,STU075,STU073,Planning Session,2025-08-07 18:03:59.414292,65,7.2,False,Presentation Prep
INT0359,STU030,STU031,Meeting,2025-08-10 04:57:59.414403,87,6.5,True,Documentation
INT0360,STU006,STU029,Planning Session,2025-08-17 07:52:59.414419,62,6.9,True,Data Preprocessing
INT0361,STU067,STU066,Planning Session,2025-07-25 19:12:59.414523,20,7.5,True,Code Debugging
INT0362,STU067,STU068,Collaboration,2025-08-05 16:32:59.414635,37,4.4,False,Project Planning
INT0363,STU011,STU010,Help Request,2025-08-07 21:46:59.414740,119,5.0,False,Documentation
INT0364,STU078,STU001,Meeting,2025-08-10 04:54:59.414754,24,8.1,False,Hyperparameter Tuning
INT0365,STU023,STU024,Discussion,2025-08-03 02:42:59.414864,118,7.3,False,Model Selection
INT0366,STU064,STU061,Meeting,2025-08-03 21:07:59.414971,46,6.7,True,Feature Engineering
INT0367,STU022,STU023,Code Review,2025-07-26 15:59:59.415274,22,7.0,True,Results Interpretation
INT0368,STU067,STU052,Code Review,2025-07-26 10:22:59.415307,99,7.5,False,Model Selection
INT0369,STU080,STU078,Meeting,2025-08-16 20:30:59.415462,33,6.2,True,Presentation Prep
INT0370,STU044,STU043,Discussion,2025-08-16 21:44:59.415590,31,5.8,True,Data Preprocessing
INT0371,STU068,STU065,Discussion,2025-08-18 18:11:59.415707,93,7.3,True,Presentation Prep
INT0372,STU013,STU014,Meeting,2025-07-26 14:34:59.415828,120,5.5,True,Project Planning
INT0373,STU045,STU047,Knowledge Sharing,2025-08-16 18:18:59.415940,113,7.6,False,Code Debugging
INT0374,STU073,STU074,Meeting,2025-08-15 18:19:59.416054,44,4.4,True,Results Interpretation
INT0375,STU072,STU070,Help Request,2025-08-23 11:21:59.416165,116,8.5,True,Presentation Prep
INT0376,STU004,STU003,Help Request,2025-08-01 23:42:59.416284,61,7.7,True,Feature Engineering
INT0377,STU075,STU074,Knowledge Sharing,2025-08-05 22:29:59.416403,50,7.4,False,Hyperparameter Tuning
INT0378,STU072,STU069,Conflict Resolution,2025-08-06 16:38:59.416514,47,8.5,False,Code Debugging
INT0379,STU051,STU018,Discussion,2025-08-01 02:40:59.416530,115,9.5,True,Model Selection
INT0380,STU051,STU052,Code Review,2025-08-18 21:28:59.416647,15,8.5,True,Feature Engineering
INT0381,STU080,STU077,Discussion,2025-08-16 02:45:59.416770,25,4.2,True,Project Planning
INT0382,STU052,STU079,Collaboration,2025-08-01 15:05:59.416784,114,5.1,True,Documentation
INT0383,STU027,STU025,Code Review,2025-07-29 14:36:59.416920,81,6.1,True,Feature Engineering
INT0384,STU046,STU047,Code Review,2025-08-19 07:51:59.417030,114,7.0,False,Code Debugging
INT0385,STU050,STU051,Code Review,2025-07-31 12:04:59.417137,26,7.8,False,Presentation Prep
INT0386,STU045,STU036,Help Request,2025-08-05 03:39:59.417152,66,5.9,True,Results Interpretation
INT0387,STU065,STU067,Discussion,2025-08-08 00:47:59.417287,29,7.3,False,Presentation Prep
INT0388,STU074,STU033,Planning Session,2025-07-24 21:32:59.417301,76,5.9,True,Code Debugging
INT0389,STU059,STU076,Code Review,2025-08-09 06:52:59.417313,23,6.1,False,Hyperparameter Tuning
INT0390,STU031,STU030,Conflict Resolution,2025-08-07 17:08:59.417426,104,4.9,False,Hyperparameter Tuning
INT0391,STU051,STU049,Meeting,2025-08-08 23:46:59.417536,42,5.6,False,Feature Engineering
INT0392,STU025,STU064,Help Request,2025-08-16 10:53:59.417549,48,5.0,True,Hyperparameter Tuning
INT0393,STU031,STU029,Discussion,2025-08-21 07:25:59.417661,99,5.5,False,Data Preprocessing
INT0394,STU070,STU006,Planning Session,2025-08-12 14:48:59.417674,78,8.6,False,Documentation
INT0395,STU067,STU066,Help Request,2025-07-30 16:00:59.417786,21,5.6,False,Documentation
INT0396,STU005,STU065,Conflict Resolution,2025-08-11 12:19:59.417801,37,10.0,False,Model Selection
INT0397,STU059,STU060,Code Review,2025-08-23 12:55:59.417911,63,7.7,True,Code Debugging
INT0398,STU034,STU035,Collaboration,2025-08-17 01:38:59.418025,93,7.3,False,Code Debugging
INT0399,STU054,STU056,Conflict Resolution,2025-08-12 21:51:59.418133,72,5.7,True,Feature Engineering
INT0400,STU030,STU013,Collaboration,2025-07-30 02:33:59.418146,70,8.1,False,Hyperparameter Tuning
INT0401,STU020,STU017,Meeting,2025-08-10 19:00:59.418259,95,6.1,False,Documentation
INT0402,STU069,STU070,Discussion,2025-08-02 05:05:59.418367,42,7.2,False,Documentation
INT0403,STU013,STU058,Conflict Resolution,2025-08-15 22:45:59.418379,86,10.0,False,Code Debugging
INT0404,STU015,STU016,Help Request,2025-08-05 15:27:59.418493,98,6.9,True,Results Interpretation
INT0405,STU068,STU067,Planning Session,2025-07-27 07:44:59.418608,93,8.7,False,Documentation
INT0406,STU018,STU019,Conflict Resolution,2025-08-10 13:29:59.418724,88,5.9,False,Model Selection
INT0407,STU042,STU044,Conflict Resolution,2025-08-04 00:23:59.418937,49,6.9,False,Results Interpretation
INT0408,STU047,STU076,Planning Session,2025-08-11 04:57:59.418962,17,9.7,True,Hyperparameter Tuning
INT0409,STU010,STU009,Knowledge Sharing,2025-08-21 07:04:59.419121,75,6.1,True,Data Preprocessing
INT0410,STU068,STU011,Discussion,2025-08-15 14:59:59.419135,25,9.7,False,Results Interpretation
INT0411,STU040,STU039,Meeting,2025-08-19 17:15:59.419253,36,8.1,True,Data Preprocessing
INT0412,STU044,STU042,Collaboration,2025-08-06 20:00:59.419365,104,6.2,True,Documentation
INT0413,STU076,STU075,Collaboration,2025-07-25 22:38:59.419476,84,7.9,True,Model Selection
INT0414,STU048,STU046,Meeting,2025-08-15 10:08:59.419590,81,8.5,True,Code Debugging
INT0415,STU069,STU071,Planning Session,2025-07-24 18:49:59.419835,16,7.9,False,Results Interpretation
INT0416,STU003,STU001,Knowledge Sharing,2025-07-26 16:41:59.420110,65,4.6,True,Feature Engineering
INT0417,STU050,STU049,Help Request,2025-08-16 07:41:59.420130,95,5.9,True,Presentation Prep
INT0418,STU079,STU035,Collaboration,2025-08-03 10:34:59.420142,118,6.6,False,Project Planning
INT0419,STU010,STU009,Collaboration,2025-08-20 13:39:59.420272,94,6.9,False,Results Interpretation
INT0420,STU063,STU025,Conflict Resolution,2025-08-24 06:05:59.420285,83,7.9,True,Feature Engineering
INT0421,STU037,STU035,Meeting,2025-08-01 19:22:59.420296,16,7.3,True,Model Selection
INT0422,STU062,STU064,Knowledge Sharing,2025-08-14 18:45:59.420416,74,5.0,True,Code Debugging
INT0423,STU017,STU018,Knowledge Sharing,2025-08-21 16:38:59.420542,38,7.6,True,Results Interpretation
INT0424,STU002,STU016,Help Request,2025-08-11 19:53:59.420557,109,7.9,True,Hyperparameter Tuning
INT0425,STU014,STU016,Knowledge Sharing,2025-08-03 00:09:59.420684,56,7.8,True,Data Preprocessing
INT0426,STU071,STU067,Discussion,2025-08-15 18:28:59.420698,53,8.6,True,Code Debugging
INT0427,STU028,STU015,Help Request,2025-08-03 20:48:59.420709,16,8.3,True,Results Interpretation
INT0428,STU050,STU049,Code Review,2025-08-05 11:38:59.420821,103,7.7,True,Code Debugging
INT0429,STU032,STU021,Planning Session,2025-08-21 12:29:59.420834,58,6.9,True,Data Preprocessing
INT0430,STU017,STU020,Planning Session,2025-08-16 23:33:59.420949,115,4.5,False,Documentation
INT0431,STU003,STU049,Conflict Resolution,2025-08-01 05:52:59.420962,20,7.6,False,Documentation
INT0432,STU072,STU069,Meeting,2025-08-06 22:48:59.421073,108,7.3,False,Results Interpretation
INT0433,STU077,STU071,Meeting,2025-08-21 17:59:59.421087,72,7.4,False,Results Interpretation
INT0434,STU057,STU059,Knowledge Sharing,2025-08-01 04:12:59.421205,17,5.1,False,Hyperparameter Tuning
INT0435,STU012,STU009,Planning Session,2025-07-30 16:59:59.421322,93,5.4,False,Code Debugging
INT0436,STU041,STU044,Discussion,2025-08-23 05:57:59.421433,19,8.6,True,Model Selection
INT0437,STU013,STU015,Knowledge Sharing,2025-08-02 18:35:59.421538,94,6.9,False,Data Preprocessing
INT0438,STU077,STU080,Help Request,2025-08-03 18:09:59.421652,25,8.0,False,Data Preprocessing
INT0439,STU055,STU056,Code Review,2025-07-28 14:51:59.421759,82,7.0,True,Model Selection
INT0440,STU010,STU028,Discussion,2025-08-20 10:54:59.421772,83,7.0,False,Hyperparameter Tuning
INT0441,STU030,STU031,Knowledge Sharing,2025-08-01 06:19:59.421883,96,8.4,False,Documentation
INT0442,STU055,STU014,Meeting,2025-07-30 04:33:59.421895,66,6.2,False,Feature Engineering
INT0443,STU080,STU078,Conflict Resolution,2025-08-06 23:14:59.422004,62,7.1,False,Project Planning
INT0444,STU042,STU078,Help Request,2025-08-05 16:55:59.422017,63,6.3,False,Code Debugging
INT0445,STU058,STU051,Code Review,2025-08-01 08:50:59.422028,91,6.3,True,Presentation Prep
INT0446,STU037,STU038,Help Request,2025-08-18 00:07:59.422140,113,6.5,False,Presentation Prep
INT0447,STU074,STU073,Code Review,2025-08-09 22:59:59.422255,32,7.3,False,Code Debugging
INT0448,STU032,STU030,Collaboration,2025-07-30 01:03:59.422270,88,6.3,False,Hyperparameter Tuning
INT0449,STU042,STU062,Meeting,2025-08-08 11:24:59.422281,88,8.9,True,Results Interpretation
INT0450,STU076,STU073,Code Review,2025-07-25 23:46:59.422395,119,5.7,False,Project Planning
INT0451,STU016,STU030,Code Review,2025-08-03 13:44:59.422409,21,6.7,False,Presentation Prep
INT0452,STU070,STU072,Help Request,2025-08-20 08:25:59.422519,108,6.3,False,Documentation
INT0453,STU074,STU065,Discussion,2025-08-16 20:50:59.422532,115,9.2,False,Feature Engineering
INT0454,STU012,STU011,Code Review,2025-08-06 21:52:59.422659,25,7.3,False,Presentation Prep
INT0455,STU018,STU020,Help Request,2025-08-08 21:27:59.422777,88,8.5,True,Presentation Prep
INT0456,STU066,STU065,Discussion,2025-08-15 20:48:59.422899,102,4.8,True,Model Selection
INT0457,STU055,STU054,Help Request,2025-08-13 22:30:59.423010,98,7.4,True,Results Interpretation
INT0458,STU048,STU047,Meeting,2025-08-10 08:09:59.423132,119,8.3,True,Hyperparameter Tuning
INT0459,STU017,STU020,Code Review,2025-08-16 14:09:59.423244,33,7.1,False,Data Preprocessing
INT0460,STU015,STU014,Planning Session,2025-08-23 23:55:59.423352,109,8.6,True,Hyperparameter Tuning
INT0461,STU036,STU035,Meeting,2025-08-01 11:26:59.423458,17,6.2,False,Presentation Prep
INT0462,STU021,STU022,Help Request,2025-07-29 11:29:59.423571,49,9.1,True,Documentation
INT0463,STU001,STU002,Collaboration,2025-08-02 12:45:59.423683,28,10.0,True,Results Interpretation
INT0464,STU050,STU030,Knowledge Sharing,2025-08-07 12:02:59.423697,55,6.5,False,Presentation Prep
INT0465,STU028,STU027,Code Review,2025-08-23 02:09:59.423809,82,6.3,False,Code Debugging
INT0466,STU021,STU022,Conflict Resolution,2025-08-12 13:49:59.423917,45,9.2,False,Data Preprocessing
INT0467,STU049,STU051,Collaboration,2025-08-17 05:47:59.424034,65,9.4,True,Model Selection
INT0468,STU067,STU079,Help Request,2025-08-11 02:32:59.424047,34,6.2,False,Results Interpretation
INT0469,STU043,STU058,Meeting,2025-08-17 14:00:59.424059,89,6.4,True,Feature Engineering
INT0470,STU066,STU068,Meeting,2025-08-03 15:10:59.424172,35,6.6,False,Model Selection
INT0471,STU014,STU016,Meeting,2025-08-01 09:20:59.424280,55,5.0,False,Project Planning
INT0472,STU034,STU033,Discussion,2025-08-20 05:07:59.424392,112,5.6,False,Hyperparameter Tuning
INT0473,STU029,STU030,Discussion,2025-08-01 19:00:59.424504,79,5.5,False,Code Debugging
INT0474,STU052,STU050,Meeting,2025-08-19 03:54:59.424614,19,5.8,False,Data Preprocessing
INT0475,STU053,STU029,Help Request,2025-07-31 04:04:59.424627,37,6.9,False,Documentation
INT0476,STU058,STU060,Knowledge Sharing,2025-07-31 08:30:59.424738,109,7.4,False,Code Debugging
INT0477,STU073,STU075,Discussion,2025-08-09 19:16:59.424845,20,9.3,True,Presentation Prep
INT0478,STU008,STU007,Code Review,2025-08-18 00:40:59.424960,65,5.5,False,Results Interpretation
INT0479,STU055,STU056,Code Review,2025-08-01 17:11:59.425077,33,8.5,False,Documentation
INT0480,STU065,STU068,Meeting,2025-08-11 20:48:59.425186,72,6.7,True,Feature Engineering
INT0481,STU028,STU025,Collaboration,2025-08-13 11:27:59.425297,106,6.9,True,Model Selection
INT0482,STU059,STU057,Knowledge Sharing,2025-07-31 17:29:59.425403,35,8.0,False,Presentation Prep
INT0483,STU023,STU024,Meeting,2025-08-19 05:57:59.425518,113,5.3,True,Project Planning
INT0484,STU059,STU060,Meeting,2025-08-21 05:56:59.425625,15,7.6,False,Data Preprocessing
INT0485,STU061,STU063,Planning Session,2025-08-17 03:31:59.425731,99,7.2,False,Documentation
INT0486,STU009,STU012,Collaboration,2025-08-04 13:33:59.425843,119,7.7,True,Data Preprocessing
INT0487,STU007,STU005,Meeting,2025-07-28 08:26:59.425952,88,7.4,False,Code Debugging
INT0488,STU007,STU014,Knowledge Sharing,2025-08-19 04:25:59.425965,51,10.0,True,Documentation
INT0489,STU047,STU005,Discussion,2025-07-31 00:48:59.425977,62,6.0,False,Model Selection
INT0490,STU071,STU009,Collaboration,2025-08-09 06:01:59.425988,103,6.2,False,Code Debugging
INT0491,STU066,STU067,Help Request,2025-08-05 09:02:59.426098,88,6.1,True,Documentation
INT0492,STU078,STU037,Knowledge Sharing,2025-08-04 23:52:59.426112,82,6.2,False,Feature Engineering
INT0493,STU064,STU062,Meeting,2025-07-26 14:54:59.426221,105,6.0,False,Hyperparameter Tuning
INT0494,STU004,STU003,Discussion,2025-08-01 03:17:59.426330,93,8.8,False,Project Planning
INT0495,STU046,STU045,Help Request,2025-08-02 00:52:59.426440,116,9.1,True,Results Interpretation
INT0496,STU071,STU069,Discussion,2025-08-02 23:47:59.426549,65,6.1,True,Feature Engineering
INT0497,STU044,STU042,Code Review,2025-08-04 05:38:59.426657,34,5.8,False,Presentation Prep
INT0498,STU060,STU053,Code Review,2025-07-28 17:49:59.426670,87,7.7,False,Presentation Prep
INT0499,STU027,STU026,Discussion,2025-08-20 01:15:59.426791,18,6.2,False,Project Planning
INT0500,STU024,STU021,Discussion,2025-07-28 00:23:59.426897,55,7.9,True,Results Interpretation
